title,company,location,apply link
Python Developer,OptiFunder,Remote,https://www.indeed.com/viewjob?jk=fe08ea8d342ee478&from=serp&vjs=3
Senior Python Engineer,Avant,None,https://www.indeed.com/viewjob?jk=d6b2107b4099f95e&from=serp&vjs=3
Backend Software Engineer-TikTok,TikTok,None,https://www.indeed.com/viewjob?jk=523fdbe809b6c2f2&from=serp&vjs=3
Software Engineer (Early Career),Apple,None,https://www.indeed.com/viewjob?jk=234a760c2578fd2a&from=serp&vjs=3
CFD Engineer/Scientist | Compressible and Reacting Flows,Synthetik Applied Technologies,Remote,https://www.indeed.com/viewjob?jk=8bb0945e87bde186&from=serp&vjs=3
Software Engineer II,Indeed,None,https://www.indeed.com/viewjob?jk=bfa3513389020505&from=serp&vjs=3
Full Stack Web Developer (on-site),"King Technology, Inc.",Illinois,https://www.indeed.com/viewjob?jk=8319665171a8206b&from=serp&vjs=3
Python Developer - API and Data Engineer [78],ReminderMedia,None,https://www.indeed.com/viewjob?jk=8f5d3b8681a6ecb0&from=serp&vjs=3
Entry Level Developer (Android),"Quintrix Solutions, Inc",United States,https://www.indeed.com/viewjob?jk=825510e0b68c623b&from=serp&vjs=3
IT Jobs On W2 Positions,"TechIntelli Solutions, Inc.",None,https://www.indeed.com/viewjob?jk=f7421174fc085ee8&from=serp&vjs=3
Backend Software Engineer - MAJOR Video Game Company!,Wollborg Michelson Recruiting,None,https://www.indeed.com/viewjob?jk=ece0c0df61f2b8bd&from=serp&vjs=3
Entry Level Software Developer,Smoothstack Inc,United States,https://www.indeed.com/viewjob?jk=c7876fd158837b5f&from=serp&vjs=3
Software Engineer (100% Remote),The Mom Project,None,https://www.indeed.com/viewjob?jk=af50d7046eec1e5f&from=serp&vjs=3
Data Scientist,Prolego,None,https://www.indeed.com/viewjob?jk=f869a5265a21d738&from=serp&vjs=3
Python Developer,Ascyndent,None,https://www.indeed.com/viewjob?jk=85025c7384eb69eb&from=serp&vjs=3
Entry Level/Junior Python Developer,"LaFrancois Web Construction, LLC",None,https://www.indeed.com/viewjob?jk=68fdc46463bc8344&from=serp&vjs=3
Python Developer,Kane Partners LLC,None,https://www.indeed.com/viewjob?jk=063aea96e02aa9d8&from=serp&vjs=3
Entry level Python Developer,Cyber Wave LLC,Remote,https://www.indeed.com/viewjob?jk=ba6706bafd034a75&from=serp&vjs=3
Junior Python Developer,N9 IT SOLUTIONS,Remote,https://www.indeed.com/viewjob?jk=02dfb10f492ea56b&from=serp&vjs=3
Undergrad New College Grad - Technology - Multiple Locations...,Visa,None,https://www.indeed.com/viewjob?jk=bac38b59469ee83a&from=serp&vjs=3
Web (HTML/CSS/JS) Coding Instructor,Coding Minds Academy,None,https://www.indeed.com/viewjob?jk=9e9d51111d7aca5e&from=serp&vjs=3
Online Coding Instructor (K-12),Coding4youth.org,Remote,https://www.indeed.com/viewjob?jk=6f79980eb451db7c&from=serp&vjs=3
Associate Solutions Architect – Early Career 2022 (US),"Amazon Web Services, Inc.",None,https://www.indeed.com/viewjob?jk=3905541e1957ec4a&from=serp&vjs=3
Data Scientist,Aignyte,Remote,https://www.indeed.com/viewjob?jk=75b7a064aa212bda&from=serp&vjs=3
Product Operations Associate,Indeed,Remote,https://www.indeed.com/viewjob?jk=fd3b55233d97b4d4&from=serp&vjs=3
Python Developer,Mechlance INC,None,https://www.indeed.com/viewjob?jk=7cd879f75cd88eff&from=serp&vjs=3
Software Engineer,Google,None,https://www.indeed.com/viewjob?jk=24e2911d8256b2b4&from=serp&vjs=3
Python Developer,IT Alliances Inc,None,https://www.indeed.com/viewjob?jk=6194c1f1e47e9506&from=serp&vjs=3
Python Software Engineering Teaching Assistant (Part-Time),Hackbright Academy,None,https://www.indeed.com/viewjob?jk=cc10e115d1ed386e&from=serp&vjs=3
Coding teacher for Scratch and Python,YoumeCan Education Center,Remote,https://www.indeed.com/viewjob?jk=f989f97e25b3d441&from=serp&vjs=3
Online Coding Teacher for Scratch & Python ( Only USA ),YoumeCan Education,None,https://www.indeed.com/viewjob?jk=1938ac30f50fd09d&from=serp&vjs=3
FULLY REMOTE - Data Engineer - Python,CyberCoders,None,https://www.indeed.com/viewjob?jk=dcb6fb0456631717&from=serp&vjs=3
Python Developer,Paktolus,Remote,https://www.indeed.com/viewjob?jk=df1cce3cc988f374&from=serp&vjs=3
Entry Level Software Engineer,Heartdub,None,https://www.indeed.com/viewjob?jk=0520d332e49823ad&from=serp&vjs=3
Python Developer,Amaze Systems Inc,None,https://www.indeed.com/viewjob?jk=5ef2f701d1da628c&from=serp&vjs=3
Remote Application Developer (CA Only),Sepasoft,California,https://www.indeed.com/viewjob?jk=ac3da3d32b3867ea&from=serp&vjs=3
DevOps Engineer,Karpatkey,None,https://www.indeed.com/viewjob?jk=dc8af8e26526d4e1&from=serp&vjs=3
Python Developer,Winwire Technologies,"Mountain View, CA",https://www.indeed.com/viewjob?jk=3491c801389467a9&from=serp&vjs=3
Python - Automation test Engineer,TELUS International,Pennsylvania,https://www.indeed.com/viewjob?jk=ee944cdd32007a98&from=serp&vjs=3
40849 - Software Engineer I,IQVIA,None,https://www.indeed.com/viewjob?jk=a71191afc7754f72&from=serp&vjs=3
Python Developer,Infinizi IT Solutions Pvt. Ltd.,None,https://www.indeed.com/viewjob?jk=520dcf4833d2f53c&from=serp&vjs=3
Python Automation Engineer,HCL America Inc,None,https://www.indeed.com/viewjob?jk=db7efaa637e0b681&from=serp&vjs=3
University Grad Software Engineer (USA),Pinterest,None,https://www.indeed.com/viewjob?jk=88cfddd4b66f1eb6&from=serp&vjs=3
"Data Analyst, University Graduate - 2022 Start",TikTok,None,https://www.indeed.com/viewjob?jk=9ad119417b53fe9d&from=serp&vjs=3
Data Engineer - Python/SQL (Remote during Covid),Thompson Technologies,None,https://www.indeed.com/viewjob?jk=d7d3c1b40971321a&from=serp&vjs=3
Computer Vision / Machine Learning Engineer,Dogwood Management Partners,Remote,https://www.indeed.com/viewjob?jk=3833b3e6ab67d610&from=serp&vjs=3
Python Developer,Sedna,None,https://www.indeed.com/viewjob?jk=ee038c70c7086a06&from=serp&vjs=3
Entry Level Android Developer,Quintrix solutions,None,https://www.indeed.com/viewjob?jk=d5d15318f688f8e4&from=serp&vjs=3
Entry Level Opportunity - Android Developer,Quintrix Solutions,None,https://www.indeed.com/viewjob?jk=c05ce1bc34950b63&from=serp&vjs=3
Python Instructor,ecdhub.com,Remote,https://www.indeed.com/viewjob?jk=df4ead7bfbb4931b&from=serp&vjs=3
Python Instructor,ecdhub.com,Remote,https://www.indeed.com/viewjob?jk=df4ead7bfbb4931b&from=serp&vjs=3
Python Engineer,Outside Online,None,https://www.indeed.com/viewjob?jk=896f0683f822304e&from=serp&vjs=3
Software Engineer - C++/Python (Remote),MediaKind,None,https://www.indeed.com/viewjob?jk=de5a168a48417be4&from=serp&vjs=3
Data Analyst with R and Python,spar information systems,None,https://www.indeed.com/viewjob?jk=33c5143e410e6d8d&from=serp&vjs=3
Senior Software Engineer,Revaluate,None,https://www.indeed.com/viewjob?jk=63ff0a53f91ca379&from=serp&vjs=3
Python Programmer,Rangam Consultants Inc.,"Beaverton, OR",https://www.indeed.com/viewjob?jk=295bee975cc14ed7&from=serp&vjs=3
Software Developer – Entry Level,Grant Street Group,Remote,https://www.indeed.com/viewjob?jk=f2cd3d393311a9b5&from=serp&vjs=3
R&D Python Software Development Associate,University of Texas at Austin,None,https://www.indeed.com/viewjob?jk=7c897efb471419b0&from=serp&vjs=3
DATA ENGINEER - PYTHON,InspiHER Tech,None,https://www.indeed.com/viewjob?jk=3eb413ec2cc83e4c&from=serp&vjs=3
Python Engineer III,Nexintech Inc,None,https://www.indeed.com/viewjob?jk=f3762d56abf34616&from=serp&vjs=3
"Software Developer (Go, Python, C#, or Rust)","Chameleon Consulting Group, LLC",None,https://www.indeed.com/viewjob?jk=0dafbc3291a4f4d9&from=serp&vjs=3
Data Scientist,"GSSA, LLC",Remote work available,https://www.indeed.com/viewjob?jk=11871bdf669d4854&from=serp&vjs=3
PYTHON DEVELOPER,Pythonwise,"Seattle, WA",https://www.indeed.com/viewjob?jk=1a20a1c56fb7df73&from=serp&vjs=3
"Software Engineer, Quip",Slack,None,https://www.indeed.com/viewjob?jk=9edc639af850ed37&from=serp&vjs=3
Data Analyst,EquipmentShare,None,https://www.indeed.com/viewjob?jk=ca26289b9d1ec764&from=serp&vjs=3
Python Engineer/Developer (Remote),"Impact Recruiting, LLC",None,https://www.indeed.com/viewjob?jk=6099fca6314e88f2&from=serp&vjs=3
Backend Engineer (Python/Django + AWS) Latam TZ,Deel,None,https://www.indeed.com/viewjob?jk=8a5ff3732d256b2d&from=serp&vjs=3
Software Engineer (Remote),GapJumpers,None,https://www.indeed.com/viewjob?jk=baaa8a0c1f573f17&from=serp&vjs=3
Python Developer,Charvi IT Inc,"Mountain View, CA",https://www.indeed.com/viewjob?jk=4e10e735ae8299a6&from=serp&vjs=3
AI Coding Teacher for Children,AiGoLearning,Remote,https://www.indeed.com/viewjob?jk=5b0956aea04622c1&from=serp&vjs=3
Python Developer,Akraya Inc.,None,https://www.indeed.com/viewjob?jk=d3d3150fc0bd234c&from=serp&vjs=3
Senior Python Developer,JetRock Analytics,Remote,https://www.indeed.com/viewjob?jk=1b6cb6ed21902f00&from=serp&vjs=3
Entry Level Software Engineer,BeaconFire Solution,Remote,https://www.indeed.com/viewjob?jk=4eaf29f8a1f5fce4&from=serp&vjs=3
Python Developer,Boston Technology,"Boston, MA",https://www.indeed.com/viewjob?jk=826d47962dafc9b3&from=serp&vjs=3
"Software Engineer, Platform",Disney,"Emeryville, CA",https://www.indeed.com/viewjob?jk=f13c90de44845b92&from=serp&vjs=3
"Python Developer, SQL and AWS",Ameliom LLC,Remote,https://www.indeed.com/viewjob?jk=b607a7d9f366daa2&from=serp&vjs=3
Data Analyst with Python,Plexus,"Austin, TX",https://www.indeed.com/viewjob?jk=93d18d7b0921d9c0&from=serp&vjs=3
Software Engineer 2 - Remote,Microsoft,None,https://www.indeed.com/viewjob?jk=b0e4bdf49b68fad6&from=serp&vjs=3
Vehicle Performance Engineer,"Honda Dev. and Mfg of Am.,LLC",None,https://www.indeed.com/viewjob?jk=9084ccda36c94ca7&from=serp&vjs=3
Data Scientist - Security,Corvus Insurance,None,https://www.indeed.com/viewjob?jk=69b98d4ce6e0479b&from=serp&vjs=3
Python Developer,Akki Solutions,Remote,https://www.indeed.com/viewjob?jk=8ee834a95e56318a&from=serp&vjs=3
K-12 Coding Instructor,K12 Learning Experience,Remote,https://www.indeed.com/viewjob?jk=3bf8162a7d24fcd5&from=serp&vjs=3
Python Developer,VISIONET SYSTEMS INC,Remote,https://www.indeed.com/viewjob?jk=19f275bdb1efea3c&from=serp&vjs=3
Python Engineer/Developer (Remote),Impact CFO Services,None,https://www.indeed.com/viewjob?jk=ff0acb96262c5d1a&from=serp&vjs=3
Data Analyst,Overhaul,None,https://www.indeed.com/viewjob?jk=a514a427d1e708c0&from=serp&vjs=3
Python Developer,Canyon Associates,None,https://www.indeed.com/viewjob?jk=6fa20c5a6535bc82&from=serp&vjs=3
Customer Success US,Levity,None,https://www.indeed.com/viewjob?jk=c52645e01276dafe&from=serp&vjs=3
Online Children's coding Teacher,Class Over,Remote,https://www.indeed.com/viewjob?jk=8d752edc7ec5d190&from=serp&vjs=3
"Entry-Level Python Developer - Django, Ecommerce",HedgeApple,None,https://www.indeed.com/viewjob?jk=97da1046096dd6a7&from=serp&vjs=3
Computer Vision Engineer,Robby Technologies,"Palo Alto, CA",https://www.indeed.com/viewjob?jk=184428ee60ee2305&from=serp&vjs=3
Python Developer,Highbrow-Tech,None,https://www.indeed.com/viewjob?jk=cb7d5b960834efbf&from=serp&vjs=3
Front-End Engineer - 2022 (United States),Amazon.com Services LLC,None,https://www.indeed.com/viewjob?jk=6741b6de594ba981&from=serp&vjs=3
Data Analyst,mySidewalk,None,https://www.indeed.com/viewjob?jk=354412c546da1358&from=serp&vjs=3
Junior Software Developer,Lenovo,None,https://www.indeed.com/viewjob?jk=09a5455e9544ed9e&from=serp&vjs=3
Healthcare Software Engineer,Lexigram,None,https://www.indeed.com/viewjob?jk=cbfd6bd563122b51&from=serp&vjs=3
Python Engineer,Dyno Nobel,None,https://www.indeed.com/viewjob?jk=8a7cc0dd2929e87e&from=serp&vjs=3
"Software Development Engineer In Test (SDET), Authentication...",Amazon.com Services LLC,None,https://www.indeed.com/viewjob?jk=c0e9e75f7685b9dc&from=serp&vjs=3
Systems Administrator,FedEx Services,None,https://www.indeed.com/viewjob?jk=b6213275aeb0f05f&from=serp&vjs=3
Mechatronics Engineer,Squishy Robotics,None,https://www.indeed.com/viewjob?jk=e01d48e9fe8b8608&from=serp&vjs=3
Full Stack Python Developer,Teammate AI,Remote,https://www.indeed.com/viewjob?jk=15573ad82dcf86ca&from=serp&vjs=3
